"Variables ->","pct4_y_a","pct4_cons_a","pct4_gdem_a","pct4_inv_a","pct4_exp_a","pct4_imp_a","pct4_cpi_eop","pct4_cpi_pa","dl_py_pa","pct4_s_eop","pct4_s_pa","pct4_z_pa","def_a","def_inc_grants_a","gdem_y_a","gdem_y_nom_a","cons_y_nom_a","inv_y_nom_a","exp_y_nom_a","imp_y_nom_a","tb_rat_a","dl_md_a","debt_y_a","debt_fcy_a","debt_lcy_a"
"Comments ->","","","","","","","","","","","","","Budget deficit, % of GDP","","","","","","","","","","","",""
"1996Y",,,,,,,,,,1.2252540294323655,22.0172432328265160,,,,,,,,,,,8.6571866094239454,,,
"1997Y",,,,,,,,,,-1.3053749716053331,-1.3719052994827896,,,,,,,,,,,25.6695901093148109,,,
"1998Y",,,,,,,,,,6.9168728440152760,3.8565387015822683,,,,,,,,,,,0.0277722011735477,,,
"1999Y",,,,,,,,,,5.3826201402566332,7.0011811447883492,,,,,27.1525446403953872,86.3261943986820484,4.9726612904118603,6.2602965403624378,24.5469522240527169,-18.2866556836902809,11.0051328434309994,,,
"2000Y",8.3570210346787910,12.5865324103209488,4.4002135577810630,38.4210615161342233,0.7575757575757569,24.4604316546762632,12.4367433729051911,2.2082954304427336,3.0944646801294198,24.0896091515730326,16.9107761715439935,8.6589910782114696,,,,26.0044057668047337,86.5384615384615472,5.9482569550887563,6.3609467455621305,24.8520710059171606,-18.4911242603550292,10.0923168109540597,,,
"2001Y",8.4994753410283295,3.5215204024594771,-0.9016343797951132,22.2747617571187781,39.8496240601503757,-5.2023121387283267,-9.8574404512062337,1.5347181239425716,1.6708598023199812,7.3603278601137800,13.1356513050847994,6.1782751457770901,,,,24.9700080862533724,83.4231805929919119,7.5097762803234493,8.4905660377358494,24.2587601078167125,-15.7681940700808632,17.2920065391819548,,,
"2002Y",13.1528046421663483,13.3369330453563695,9.5376829615576142,15.4105033730515437,4.8387096774193505,9.3495934959349611,9.4356757025853444,-1.0444952926544766,-4.7884487426880042,9.9640526674568797,7.6764915814161396,11.4578673783352194,,,,25.1997063989962342,83.6888331242158046,7.9245094102885814,7.0263488080301126,23.7139272271016317,-16.6875784190715173,13.2206983931573632,,,
"2003Y",2.2222222222222143,-5.8599333015721733,6.5475937489875680,22.0514573444091191,20.5128205128205074,-12.6394052044609637,10.2266860645640492,11.7604314525357125,20.0356059013409293,13.5924436203754606,13.1847192590147824,15.7989884616925309,,,,24.0965478348439071,81.9738167170191332,9.0353756294058414,8.4592145015105746,23.5649546827794580,-15.1057401812688816,17.3854394895611222,,,
"2004Y",7.4414715719063551,6.4271255060728727,10.6568748959323223,10.3910300780094556,31.9148936170212671,21.0638297872340452,11.3863054183955583,11.9812066314269821,12.1649309059122430,-0.2468598019755408,6.8212423260043167,6.7863197499848447,,,,23.7055932431177432,80.2653399668324994,9.6277400902155890,11.1111111111111107,24.7927031509121072,-13.6815920398009947,11.0469962386735006,,,
"2005Y",9.3774319066147971,8.8920589633856295,12.5423533322708494,12.4613606182093726,10.9677419354838648,11.7750439367310999,4.5324393306722000,9.2191430738965021,8.3292233098766104,-2.6556089785848336,-3.3903176583897965,-6.4001768463060298,,,0.2163072207554288,24.1483801003194429,79.8611111111111143,9.8099532330138892,11.4583333333333321,25.2083333333333321,-13.7500000000000000,20.9797346320247016,,,
"2006Y",28.2817502668089702,29.6069868995633207,26.2170060283113244,38.5915588543473973,17.4418604651162781,24.8427672955974792,11.3418954114913539,8.8196728989983093,0.5844091138126686,-0.6716101601812685,-0.9793969237315958,-9.4906062785569265,9.4395322330479683,0.6043478690877711,0.1935944958132324,21.5213937155980339,80.3386127799016947,9.6091360495576179,10.8683779355543422,22.3375204806116905,-11.5007081981329655,25.4120226045863546,,,
"2007Y",7.8764870254882879,2.9568914118439564,11.8847793726487190,22.7796467265851703,44.8195981246096551,13.0180357940791396,7.6832992970224723,9.1185191690844221,11.2495478285585051,-0.8886382806811532,-0.9020133410099523,-2.7941901356362546,10.6117577987457423,1.9353711723850378,0.2002233065673230,20.8326383475527628,77.6829815895823970,10.1058439155815005,13.6057476425684776,22.2721149528513678,-8.6022289337224223,27.3909949782803324,,,
"2008Y",11.1859773840485559,7.8936669777732291,6.7054147649024536,43.3620192995859242,-11.8239762342540580,-2.9635743045795944,22.1904519160565314,15.3805292334182493,17.4461079755044253,1.7891698220227292,0.1449393021782069,-2.7671986699841442,10.3250348055931767,0.3990656533699661,0.1928668306918115,19.8448386869043425,81.4331097776208992,13.7944129897634991,11.2954465231203667,26.3325097070243537,-14.9525458658199817,14.2709288281297404,,,
"2009Y",6.3644999171072527,9.8960719633691134,9.5522960484758741,4.4260506435347073,-2.6543224415239122,18.4956543178784614,5.7862746365412887,10.6680108936816005,3.4809114379372943,2.7888111143705485,3.8405769167995656,-9.1083115219885862,11.3139472653095279,0.9662630110199051,0.1975879567618749,20.0740188691811383,82.3200992555831306,13.7038967635732014,10.3598014888337477,26.4267990074441670,-16.1044631198711485,5.8891129219402956,,,
"2010Y",7.2981932203564917,5.5828109550740859,12.7096022173455623,4.3498915558310811,8.6775230502624066,2.2912456162012624,0.1925403598531661,2.3294607309852164,1.8962159919711112,3.9585162375715299,2.7262460411359268,3.3548644358000033,12.4492283372112400,0.3076052262027389,0.2079192799255281,20.9427848517581197,82.1668533034714414,12.6798355289809628,10.7502799552071657,26.5397536394176967,-15.7990947066474483,19.3410511033266630,,,
"2011Y",7.9580484082264693,9.0189867989079247,10.1695174889473101,2.7948022825456968,23.7281321646305585,17.9630091581723725,7.8266488641069332,5.6563141470333029,7.0705970386525614,1.6799300465305977,2.8278938625752810,3.2686566103218295,12.1508692514249717,1.9394895758181618,0.2121337368603601,20.8579188213642972,81.4707305273342968,12.0641905158393783,12.6753749395258826,27.0682148040638602,-14.4011954171343035,23.7117006319449501,,,
"2012Y",8.6975733175011172,6.5312626919298449,10.4164572353079379,38.6458148758631523,9.1403295737955794,18.9436716483826402,4.5961448522268800,6.3168319351266327,3.9625493668033158,4.3111749789776388,2.4604014521441844,-2.3435781628433405,9.7215315082812470,2.1772164526242479,0.2121257184917060,20.8000585676036565,80.2891771209865936,15.4533966737316586,11.9923453115032963,28.5562406974271781,-16.5714300871403175,13.5097727531996270,,,
"2013Y",4.7726874769753849,4.2883466717331178,1.7337939089102754,27.6023487807127097,19.4347970141313837,9.1343451419608819,4.4435638320493354,4.2245366827520723,3.6011919080387820,5.9215608451726132,5.3328412723315397,0.6559772084191895,8.6016718868572291,0.2323406059597346,0.1988310929729114,20.1704183481255477,78.4259442357128762,17.1046459192266411,13.5060312438204466,29.2070397468855063,-15.6613011996181335,16.2683861556884040,,,
"2014Y",6.1597839269212082,6.4330846105595860,36.6542463422460045,-12.4586090918011401,7.9454589712521395,15.2050400589080255,1.0781113621517013,1.7950784285887145,2.5210433124152640,3.8456143416551791,5.4232329059481108,5.5463848944837846,13.1819386376202026,5.7220351474153688,0.2464150615943753,24.3718177651691015,78.6590787835674945,13.1348512727110371,13.8538146896674377,30.0195625111150619,-16.1906057587522447,19.3565180995146875,108.3583267981763782,21.2082617737519641,5.8813199257921314
"2015Y",8.8422948082779236,12.1243937958299135,7.4914420488788576,27.6038118258599994,6.4875962781806908,23.0847012592222001,4.0522062163079964,2.5020278295251108,2.1941433460009492,7.2266725059390913,5.6399518176556640,-6.0923251416938768,10.6600885369079279,4.1352789223293414,0.2415951321580248,23.5941813057544287,80.6666666666666572,14.5033796698553239,13.2357723577235777,31.9837398373983746,-18.7645897445233132,18.3465982931336384,121.0856398855633813,23.6814162422705614,6.5899937291202848
"2016Y",6.0721047130096464,4.3099179112237538,-2.4505551854832026,29.8031557908853912,12.8392748954263283,7.6954028384607556,7.0238375079632709,5.7079781356635664,7.5707639315814887,10.0009452781736350,9.4129385035646997,-0.6699793852265796,8.4369366466071547,4.1570088709749315,0.2215409013278331,22.7482001090878541,77.6657902424773567,18.2100236712218155,15.4396728016359930,34.0490797546012232,-18.6276732515475274,5.8624192883493151,140.2789244232411079,28.2144569732596615,6.8552741325506190
"2017Y",3.9512049585310516,-0.8107053258895187,5.8804148380800809,-5.3967042452811063,42.4654311692442050,5.8135308822354350,2.1634185289937991,4.8917662427287008,4.2398310542363182,3.3041588141664135,5.4505653641456933,1.3054825570066708,9.1470173962335650,5.1571340493519031,0.2248546786639101,22.4868678630220877,73.7881741390513355,16.3565369452950016,20.5198180636777145,33.1513970110461358,-12.6291561493048174,12.8526521692443794,161.6510996385917451,33.5402743638384067,6.8725005458095323
"2018Y",8.5456670597387703,9.8041804703544564,12.9104910063671650,-6.5697591343578186,10.9444213240310795,8.1667483481893850,0.1991133461831662,1.3650556828277149,-1.9046439854835593,3.8466447262184067,3.5597146719154704,8.1379428734450521,9.4478379170954234,4.6410120140249020,0.2336284839773392,23.3494418048861903,76.5485659194986852,13.6715271032844505,21.1135213304410705,34.6710050614605905,-13.5452200903428448,13.4940742308301651,175.7040062826660858,36.7992408351111422,7.1267607355553819
"2019Y",9.4752601712366431,2.1237989783076339,25.1212403663061323,27.6507441925216035,19.4149773217415031,17.9903425451265377,5.9845740625257049,2.4322656659820918,5.8094467062904798,4.9156368490086422,4.5241704747582157,0.2464582839928203,12.0880976029751395,7.9551067355744998,0.2657139599460996,26.5862909264677931,71.5559853857726296,16.1818156714260404,21.8246292714377823,36.1594670105308396,-14.3253153969077740,13.2674088414870539,186.4258692251100058,39.4773489619898967,7.1291183442876065
"2020Y",-3.2860464075416735,1.3664135989399862,12.4962963417885913,-35.1918454566164769,-8.8254404211478423,-2.4891968632741124,5.0521248105717564,7.7397292806333162,5.2819720079229713,5.4168116046602321,4.8778611493343504,-2.7505877851102314,15.2832256397559103,10.2463084871468606,0.3061316393192371,29.9726016412306109,76.6103814884302636,9.9690285443020112,19.3350010423181153,35.8765895351261221,-16.5532331258304239,17.5997370062988239,236.3213255612762680,50.0998373309099989,8.9804940594090734
"2021Y",11.1229968316009789,6.5001112736170654,8.8815954824048085,84.6620250661226521,7.5610057490120957,5.6477996352682487,1.1606912227790867,0.8295762257678585,3.2777056221651186,3.9395715244632479,4.7881671059120663,10.6248316358068600,14.2870500382967620,8.6886560536853423,0.2990130513318480,29.9135552466777632,72.1383475157836926,13.5670925710548733,19.5443315948394165,35.1633269283557510,-15.5797025072858162,16.6259101151761115,283.0244516999869120,50.6381563475180911,20.1179565774786333
"2022Y",8.1624547564107921,12.6649218928799332,0.3599149496062690,11.1298828204474951,30.1387553453983443,18.6493455609963554,21.1336681547154015,13.8610190213251556,19.9142327725796235,5.2542373924613583,4.2967214509722353,-8.1085964154024381,12.5275553195817650,6.6944584449713487,0.2756191372908060,28.3675349243507995,74.0576011666059060,13.7688121409062205,22.4863288370397356,38.6802770689026616,-16.2029238595105092,16.9414404234087215,237.0875523690319540,42.7989186485390007,16.4729694437189877
"2023Y",6.6868710805278893,5.1458321982279180,-8.2424666222952734,17.0690698004332617,6.7422794334785889,-3.3031902093399523,8.8898832326215000,14.3948801691539732,6.0950340016080462,13.0641096292143573,11.4771613508108210,-0.7754119170339968,10.9170557448422780,6.9877803824449867,0.2342284074332201,25.5174074533667259,78.0125663700083436,12.9633373452623299,21.0590009577834145,35.6636879232736703,-14.6008900024490202,12.8571550439794464,,,
"2024Y",12.2928527063459434,10.0421131650787068,21.2307129104058099,8.1845186372600018,13.4858498359689776,10.4716673748545404,2.7960015399455500,4.5774013731103942,2.4475917723755378,4.3485623500567669,7.0876118177612710,4.7331996884511582,11.8631933412678698,6.9301136311180400,0.2526843491509064,27.9976855378259835,77.7798197054325016,12.7074026805000830,22.1947938448461883,36.3512812425019121,-14.1665010830863611,15.1320796400665358,,,
"2025Y",11.7675039505456844,10.2046926040616874,14.2667649764125777,9.7344367713217608,11.4638317712624840,8.9713305148982627,4.3103906841193975,3.5106590810531166,4.5164120515346831,2.6274083079255206,3.0999218406353499,1.4943655136286900,12.3690237555481168,7.3732062736637518,0.2582078501499840,28.8459607107501945,77.3426801124730474,12.5833158870069681,22.3179726193974872,35.5214375563498166,-13.2145509298967703,16.6499823661615665,,,
"2026Y",9.3747436169287610,8.5338571971607600,9.9358689214390061,8.5139363655465345,9.5239706363022023,7.6435008193459062,5.8927746353717936,5.4256618082228130,6.2475107119863278,2.7208300509761898,2.6027594602906952,-0.4632077882046026,12.4990242703235506,7.4992856777057773,0.2595144703583478,28.9931258354255768,76.7559358465196482,12.4857335130374825,21.8964010282291390,34.1517343043045400,-12.2654685050767469,16.8514007396144052,,,